None.jpg,http://wallpaperim.net/f,None,C:/Users/swapn/Assignment- Web crawling
Booo.jpg,http://wallpaperim.net/_data/i/upload/2014/09/26/20140926705530-36117808-th.jpg,Booo (938 visits, rating score 3.05),C:/Users/swapn/Assignment- Web crawling
Pink Dragonfly.jpg,http://wallpaperim.net/_data/i/upload/2014/09/26/20140926867994-3278debf-th.jpg,Pink Dragonfly (829 visits),C:/Users/swapn/Assignment- Web crawling
Red Dragonfly.jpg,http://wallpaperim.net/_data/i/upload/2014/09/26/20140926657388-bf15d89b-th.jpg,Red Dragonfly (803 visits),C:/Users/swapn/Assignment- Web crawling
Dew Covered Spiderweb.jpg,http://wallpaperim.net/_data/i/upload/2014/09/26/20140926545665-c7a7a6ef-th.jpg,Dew Covered Spiderweb (635 visits),C:/Users/swapn/Assignment- Web crawling
Dew Covered Spiderweb.jpg,http://wallpaperim.net/_data/i/upload/2014/09/26/20140926711793-c7a7a6ef-th.jpg,Dew Covered Spiderweb (685 visits),C:/Users/swapn/Assignment- Web crawling
Rosy maple moth.jpg,http://wallpaperim.net/_data/i/upload/2014/09/26/20140926411684-c0533e1c-th.jpg,Rosy maple moth (710 visits),C:/Users/swapn/Assignment- Web crawling
Elephant hawk moth.jpg,http://wallpaperim.net/_data/i/upload/2014/09/26/20140926643067-2fe13c79-th.jpg,Elephant hawk moth (637 visits),C:/Users/swapn/Assignment- Web crawling
dryocampa rubicunda.jpg,http://wallpaperim.net/_data/i/upload/2014/09/26/20140926286477-f80e3c66-th.jpg,dryocampa rubicunda (747 visits),C:/Users/swapn/Assignment- Web crawling
Attacus(Atlas) moth.jpg,http://wallpaperim.net/_data/i/upload/2014/09/26/20140926787699-1190e01c-th.jpg,Attacus(Atlas) moth (1066 visits),C:/Users/swapn/Assignment- Web crawling
Luna moth.jpg,http://wallpaperim.net/_data/i/upload/2014/09/26/20140926788326-24a0ee58-th.jpg,Luna moth (831 visits, rating score 2.76),C:/Users/swapn/Assignment- Web crawling
Attacus moth.jpg,http://wallpaperim.net/_data/i/upload/2014/09/26/20140926804841-8607824f-th.jpg,Attacus moth (713 visits),C:/Users/swapn/Assignment- Web crawling
Cecropia moth.jpg,http://wallpaperim.net/_data/i/upload/2014/09/26/20140926872646-07c9178c-th.jpg,Cecropia moth (776 visits, rating score 2.76),C:/Users/swapn/Assignment- Web crawling
moth(dryocampa rubicunda).jpg,http://wallpaperim.net/_data/i/upload/2014/09/26/20140926226062-65050d9e-th.jpg,moth(dryocampa rubicunda) (695 visits),C:/Users/swapn/Assignment- Web crawling
Moth.jpg,http://wallpaperim.net/_data/i/upload/2014/09/26/20140926296416-71eef0e7-th.jpg,Moth (687 visits),C:/Users/swapn/Assignment- Web crawling
Assassin Bug.jpg,http://wallpaperim.net/_data/i/upload/2014/09/26/20140926772819-d062f800-th.jpg,Assassin Bug (999 visits),C:/Users/swapn/Assignment- Web crawling
Assassin bug 2.jpg,http://wallpaperim.net/_data/i/upload/2014/09/26/20140926337039-d2560d84-th.jpg,Assassin bug 2 (952 visits),C:/Users/swapn/Assignment- Web crawling
Assassin Bug 3.jpg,http://wallpaperim.net/_data/i/upload/2014/09/26/20140926626202-6860cac4-th.jpg,Assassin Bug 3 (1061 visits),C:/Users/swapn/Assignment- Web crawling
Assassin Bug with blue filter.jpg,http://wallpaperim.net/_data/i/upload/2014/09/26/20140926615552-30a81420-th.jpg,Assassin Bug with blue filter (1049 visits),C:/Users/swapn/Assignment- Web crawling
Assassin Bug 4.jpg,http://wallpaperim.net/_data/i/upload/2014/09/26/20140926910915-29f1475b-th.jpg,Assassin Bug 4 (921 visits),C:/Users/swapn/Assignment- Web crawling
Assassin bug 5.jpg,http://wallpaperim.net/_data/i/upload/2014/09/26/20140926570165-2fa9e173-th.jpg,Assassin bug 5 (998 visits),C:/Users/swapn/Assignment- Web crawling
Ladybug.jpg,http://wallpaperim.net/_data/i/upload/2014/09/26/20140926924089-03d4abb9-th.jpg,Ladybug (672 visits),C:/Users/swapn/Assignment- Web crawling
Dragonfly Close Up.jpg,http://wallpaperim.net/_data/i/upload/2014/09/26/20140926843945-9c831e88-th.jpg,Dragonfly Close Up (823 visits),C:/Users/swapn/Assignment- Web crawling
Insect Close Up.jpg,http://wallpaperim.net/_data/i/upload/2014/09/26/20140926904718-f1fad9bb-th.jpg,Insect Close Up (763 visits),C:/Users/swapn/Assignment- Web crawling
Dragonfly Eyes Close UP.jpg,http://wallpaperim.net/_data/i/upload/2014/09/25/20140925160238-75e1fec8-th.jpg,Dragonfly Eyes Close UP (863 visits),C:/Users/swapn/Assignment- Web crawling
Happy Smiling Dragonfly.jpg,http://wallpaperim.net/_data/i/upload/2014/09/25/20140925367797-87a74030-th.jpg,Happy Smiling Dragonfly (809 visits),C:/Users/swapn/Assignment- Web crawling
silk moth.jpg,http://wallpaperim.net/_data/i/upload/2014/09/25/20140925532393-850ce467-th.jpg,silk moth (598 visits),C:/Users/swapn/Assignment- Web crawling
Assassin On Flower.jpg,http://wallpaperim.net/_data/i/upload/2014/09/25/20140925669119-b741f79d-th.jpg,Assassin On Flower (588 visits),C:/Users/swapn/Assignment- Web crawling
House fly.jpg,http://wallpaperim.net/_data/i/upload/2014/09/25/20140925961735-97792c55-th.jpg,House fly (694 visits),C:/Users/swapn/Assignment- Web crawling
Assassin Bug And Iris flower.jpg,http://wallpaperim.net/_data/i/upload/2014/09/25/20140925534781-6a7b8dd6-th.jpg,Assassin Bug And Iris flower (856 visits),C:/Users/swapn/Assignment- Web crawling
Cucumber Beetle.jpg,http://wallpaperim.net/_data/i/upload/2014/09/25/20140925938885-8f4f8001-th.jpg,Cucumber Beetle (654 visits),C:/Users/swapn/Assignment- Web crawling
